{
  "BTCUSD": 0.03969466,
  "BONKUSD": 106067596,
  "ETHUSD": 0.7195392675156308,
  "XLMUSD": 3922.68,
  "POPCATUSD": 2208.58,
  "PEPEUSD": 2208.58,
  "XRPUSD": 174.409,
  "TRUMPUSD": 26.1449,
  "ADAUSD": 86.16,
  "SOLUSD": 0.26014,
  "LTCUSD": 0.40682263,
  "DOGEUSD": 87.69090496,
  "SHIBUSD": 997179.42,
  "LINKUSD": 0.4387969694709001,
  "AVAXUSD": 0.047,
  "COMPUSD": 0.0190439760174337,
  "UNIUSD": 0.0014942076882846
}
