{
  "BTCUSD": {
    "amount": 0.03969466,
    "costBasis": 96429.51888494
  },
  "BONKUSD": {
    "amount": 106092858,
    "costBasis": 0.000017325
  },
  "ETHUSD": {
    "amount": 0.7195392675156308,
    "costBasis": 1835.96127235
  },
  "XLMUSD": {
    "amount": 3922.68,
    "costBasis": 0.27230617
  },
  "POPCATUSD": {
    "amount": 2208.58,
    "costBasis": 0.38524502
  },
  "PEPEUSD": {
    "amount": 81263652,
    "costBasis": 0.00000844
  },
  "XRPUSD": {
    "amount": 174.409,
    "costBasis": 2.20474
  },
  "TRUMPUSD": {
    "amount": 26.1449,
    "costBasis": 12.75195355
  },
  "ADAUSD": {
    "amount": 86.16,
    "costBasis": 0.7133018
  },
  "SOLUSD": {
    "amount": 0.26014,
    "costBasis": 148.59974793
  },
  "LTCUSD": {
    "amount": 0.40682263,
    "costBasis": 86.915
  },
  "DOGEUSD": {
    "amount": 87.69090496,
    "costBasis": 0.17881195
  },
  "SHIBUSD": {
    "amount": 997179.42,
    "costBasis": 0.00001325
  },
  "LINKUSD": {
    "amount": 0.4387969694709001,
    "costBasis": 14.44047166
  },
  "AVAXUSD": {
    "amount": 0.047,
    "costBasis": 20.86
  },
  "COMPUSD": {
    "amount": 0.0190439760174337,
    "costBasis": 40.86267
  },
  "UNIUSD": {
    "amount": 0.0014942076882846,
    "costBasis": 0.1
  }
}